{"left_eye": {"x": 0.09663727134466171, "y": 0.4387654662132263}, "right_eye": {"x": 0.49360501766204834, "y": 0.4321623742580414}, "nose": {"x": 0.1801408976316452, "y": 0.6489475965499878}, "left_mouth": {"x": 0.171931192278862, "y": 0.7905731797218323}, "right_mouth": {"x": 0.5369638204574585, "y": 0.794423520565033}}