{"x": -0.21894682943820953, "y": -0.32171300053596497, "z": -0.9074025750160217}