{"yaw": -19.54726219177246, "pitch": 16.60954475402832, "roll": 2.274887800216675}